"0x69ea1c58662db26c43462221339b386709d4b44af23ce9b7feb401c0c3deeea9","1732626971","0x8c8d7c46219d9205f056f28fee5950ad564d7465","0xa39b189482f984388a34460636fea9eb181ad1a6","5646810060003162","21000",,,"External"
"0xc09da0b378f6e1c390cb9df6f9fd515d2cd35d83602302af0dc0a4f2c11c9a7f","1732651091","0xa39b189482f984388a34460636fea9eb181ad1a6","0xdac17f958d2ee523a2206206994597c13d831ec7","0","63495",,,"External"
"0xd84b99c3159d67b2869d340ab39a6b1c2542502fa9e1e516469f8088a1a9eb83","1734690959","0xa39b189482f984388a34460636fea9eb181ad1a6","0xdac17f958d2ee523a2206206994597c13d831ec7","0","63495",,,"External"
"0xdd9f6f4220d80d7c31cce7515ddca79838d83aa2a0f477e7071650ced564bc84","1739535179","0xa39b189482f984388a34460636fea9eb181ad1a6","0xa0b86991c6218b36c1d19d4a2e9eb0ce3606eb48","0","45540",,,"External"
"0xf63411bd2abb7ecebaf9fe5aafeb6a87d4e565a21d5294335d0da1c7afa8f0d0","1740124979","0xa39b189482f984388a34460636fea9eb181ad1a6","0xa0b86991c6218b36c1d19d4a2e9eb0ce3606eb48","0","63044",,,"External"
"0xef36052def6ae742a87dc8be51c308b26142b81dd8bd39cf6de39447aeca2afb","1743958463","0xa39b189482f984388a34460636fea9eb181ad1a6","0xa0b86991c6218b36c1d19d4a2e9eb0ce3606eb48","0","63078",,,"External"
"0x2d0632cabdf045bab785ceef01cb3dfed0002654b5a40545fdece724d6219741","1750602071","0xeba88149813bec1cccccfdb0dacefaaa5de94cb1","0xa39b189482f984388a34460636fea9eb181ad1a6","5279990000000000","60000",,,"External"
"0x42c7dcd7ba5aa2abd32a6e9b0cacc9870a5c7832533a2a8e8658bb1807b60453","1750767971","0xa39b189482f984388a34460636fea9eb181ad1a6","0xa0b86991c6218b36c1d19d4a2e9eb0ce3606eb48","0","63078",,,"External"
"0xb17c4125b30a5319d39cb8e93e7d5f703841de9c90991aa84b24d6d9ba6f4ec6","1750768763","0xa39b189482f984388a34460636fea9eb181ad1a6","0xa0b86991c6218b36c1d19d4a2e9eb0ce3606eb48","0","63078",,,"External"
"0x07f9638de575956d7912bc563dbeab7e3250e02a7f722a3358a061f54c9fde9f","1750770587","0xa39b189482f984388a34460636fea9eb181ad1a6","0xa0b86991c6218b36c1d19d4a2e9eb0ce3606eb48","0","45528",,,"External"
"0x4b0601d283f08642d8425788cdaac7518dd62dc37163b877641e35741b6a07ba","1750771631","0xa39b189482f984388a34460636fea9eb181ad1a6","0xa0b86991c6218b36c1d19d4a2e9eb0ce3606eb48","0","45540",,,"External"
"0xff8a60825e769158238ec10eeedf4bbcb6abd2e59f902d9646d6756f7e3bb116","1750772747","0xa39b189482f984388a34460636fea9eb181ad1a6","0xa0b86991c6218b36c1d19d4a2e9eb0ce3606eb48","0","45540",,,"External"
"0xd99da7deea59052db352a048cdbbce7d4b8ef4cc2d9d831f10a97c4e89d07229","1750774763","0xa39b189482f984388a34460636fea9eb181ad1a6","0xa0b86991c6218b36c1d19d4a2e9eb0ce3606eb48","0","45540",,,"External"
"0x8e45b4031ab18b297777c7f27adf29ba28781e7e2936c8551a3e0b70acd59e33","1750775459","0xa39b189482f984388a34460636fea9eb181ad1a6","0xa0b86991c6218b36c1d19d4a2e9eb0ce3606eb48","0","63078",,,"External"
"0x79bd2c5fca8a367eb0b653d5c6ceda1de8ec27f121acf94894dab5de95bbff67","1750777055","0xa39b189482f984388a34460636fea9eb181ad1a6","0xa0b86991c6218b36c1d19d4a2e9eb0ce3606eb48","0","45540",,,"External"
"0x4b7a2367ad65af93c364e17143e09a879391a0e888c314a853cd0ba561bb5252","1750779083","0xa39b189482f984388a34460636fea9eb181ad1a6","0xa0b86991c6218b36c1d19d4a2e9eb0ce3606eb48","0","45540",,,"External"
